salesdate,productid,region,freeship,discount,itemssold
10/3/2024,276,b,1,3.019,76
10/3/2024,164,e,0,4.516,193
10/3/2024,42,d,0,0.175,162
10/3/2024,269,d,0,5.916,97
10/3/2024,263,a,1,3.69,35
10/3/2024,206,b,1,0.057,58
10/3/2024,136,d,1,1.968,192
10/3/2024,256,c,1,0.702,37
10/3/2024,147,b,1,3.833,31
10/3/2024,162,e,0,7.447,72
10/3/2024,206,e,0,0.502,180
10/3/2024,201,e,1,2.281,214
10/3/2024,37,e,1,6.527,141
10/3/2024,221,b,0,0.098,89
10/3/2024,295,e,0,6.887,23
10/3/2024,65,b,1,0.277,22
10/3/2024,230,c,0,8.52,9
10/3/2024,25,e,1,2.205,123
10/3/2024,147,a,1,4.307,208
10/3/2024,227,e,1,3.221,44
10/3/2024,278,b,0,5.021,4
10/3/2024,186,e,0,5.384,84
10/3/2024,77,e,0,3.545,215
10/3/2024,110,d,0,3.847,36
10/3/2024,159,b,0,5.112,55
10/3/2024,295,e,1,5.435,172
10/3/2024,251,a,1,3.058,125
10/3/2024,163,e,1,2.468,132
10/3/2024,262,e,0,0.626,35
10/3/2024,39,b,1,3.816,126
10/3/2024,131,b,1,2.283,188
10/3/2024,285,c,1,9.695,126
10/3/2024,55,a,1,5.405,54
10/3/2024,250,b,1,6.613,47
10/3/2024,211,d,0,0.523,127
10/3/2024,123,a,1,2.956,161
10/3/2024,141,e,0,5.237,101
10/3/2024,218,e,1,6.849,129
10/3/2024,105,e,0,0.902,212
10/3/2024,26,c,1,5.621,114
10/3/2024,144,e,1,0.407,159
10/3/2024,242,a,1,7.427,107
10/3/2024,100,c,0,2.012,53
10/3/2024,61,a,1,0.603,72
10/3/2024,188,e,0,0.491,201
10/3/2024,76,b,0,3.329,37
10/3/2024,197,e,0,9.161,201
10/3/2024,141,d,0,9.061,164
10/3/2024,142,a,1,7.321,99
10/3/2024,130,b,1,0.508,132
10/3/2024,249,c,1,7.591,18
10/3/2024,227,b,1,9.81,30
10/3/2024,152,c,0,3.062,42
10/3/2024,191,b,1,8.532,25
10/3/2024,84,b,0,5.554,145
10/3/2024,188,d,1,7.929,174
10/3/2024,195,a,1,8.816,63
10/3/2024,104,a,1,2.903,117
10/3/2024,62,b,1,3.721,27
10/3/2024,38,d,1,0.013,29
10/3/2024,40,b,1,9.506,106
10/3/2024,225,d,1,8.965,117
10/3/2024,91,c,0,0.689,45
10/3/2024,235,e,1,1.534,88
10/3/2024,53,e,1,8.457,81
10/3/2024,186,b,0,4.424,147
10/3/2024,260,e,0,0.357,60
10/3/2024,65,a,0,0.719,140
10/3/2024,187,a,1,3.408,29
10/3/2024,231,b,0,1.768,21
10/3/2024,193,e,0,6.556,31
10/3/2024,59,e,0,5.664,32
10/3/2024,175,e,0,7.97,162
10/3/2024,83,c,0,9.594,193
10/3/2024,172,d,0,5.222,17
10/3/2024,199,e,1,7.927,73
10/3/2024,84,e,1,1.315,214
10/3/2024,53,d,0,6.394,120
10/3/2024,25,e,1,8.074,100
10/3/2024,157,e,0,9.841,156
10/3/2024,163,b,0,5.203,171
10/3/2024,124,a,1,7.724,213
10/3/2024,265,e,1,1.42,129
10/3/2024,136,a,1,5.133,207
10/3/2024,113,a,0,8.452,74
10/3/2024,274,b,1,5.164,146
10/3/2024,234,c,0,1.133,192
10/3/2024,49,c,0,9.634,173
10/3/2024,222,c,0,1.822,180
10/3/2024,39,c,0,9.111,25
10/3/2024,146,d,0,3.433,206
10/3/2024,228,e,1,1.712,167
10/3/2024,139,b,1,9.367,69
10/3/2024,83,d,0,1.008,24
10/3/2024,117,d,1,7.537,170
10/3/2024,297,a,1,4.101,215
10/3/2024,32,b,1,5.025,91
10/3/2024,256,e,0,3.72,163
10/3/2024,75,c,0,3.689,197
10/3/2024,52,b,0,1.568,158
10/3/2024,214,e,0,4.343,41
10/3/2024,187,b,1,0.619,101
10/3/2024,240,e,1,3.84,191
10/3/2024,116,b,0,5.249,207
10/3/2024,142,c,0,8.879,67
10/3/2024,104,d,0,4.93,200
10/3/2024,125,e,0,2.949,91
10/3/2024,279,a,0,9.384,56
10/3/2024,268,e,0,7.172,207
10/3/2024,199,b,1,4.787,19
10/3/2024,156,b,1,5.909,123
10/3/2024,87,a,0,5.874,123
10/3/2024,263,d,1,7.608,163
10/3/2024,277,a,1,0.442,120
10/3/2024,76,c,1,2.01,112
10/3/2024,33,b,0,5.379,23
10/3/2024,153,d,1,3.158,194
10/3/2024,286,a,1,0.633,103
10/3/2024,76,d,1,6.581,109
10/3/2024,61,e,1,5.769,107
10/3/2024,85,d,0,7.192,83
10/3/2024,101,a,0,7.342,192
10/3/2024,254,b,0,3.747,77
10/3/2024,199,c,1,5.674,113
10/3/2024,25,c,0,5.551,171
10/3/2024,81,c,0,4.26,172
10/3/2024,173,b,0,9.875,80
10/3/2024,36,d,0,7.399,25
10/3/2024,257,e,1,2.552,23
10/3/2024,78,c,1,2.463,103
10/3/2024,135,d,0,1.567,17
10/3/2024,245,a,1,5.354,190
10/3/2024,77,a,1,4.608,124
10/3/2024,81,e,1,6.464,96
10/3/2024,243,a,0,0.105,33
10/3/2024,83,e,0,8.677,42
10/3/2024,165,d,0,9.616,87
10/3/2024,295,e,0,3.167,40
10/3/2024,41,a,1,2.422,219
10/3/2024,111,c,1,1.437,154
10/3/2024,292,d,0,3.338,163
10/3/2024,126,e,1,4.671,207
10/3/2024,146,d,1,4.244,106
10/3/2024,154,d,1,9.811,126
10/3/2024,263,a,0,5.941,13
10/3/2024,157,e,0,2.878,57
10/3/2024,30,a,0,1.666,24
10/3/2024,106,d,0,4.185,82
10/3/2024,281,b,1,9.632,72
10/3/2024,140,e,0,1.597,216
10/3/2024,278,d,0,3.301,192
10/3/2024,129,a,1,3.718,134
10/3/2024,162,e,0,0.61,135
10/3/2024,58,e,1,6.86,218
10/3/2024,108,e,0,7.567,103
10/3/2024,190,d,1,4.533,187
10/3/2024,42,c,1,2.726,212
10/3/2024,201,b,1,3.653,203
10/3/2024,288,b,1,9.289,21
10/3/2024,110,b,0,8.705,105
10/3/2024,298,c,1,3.947,170
10/3/2024,269,d,1,8.72,171
10/3/2024,119,e,0,1.487,63
10/3/2024,111,e,1,9.209,36
10/3/2024,182,a,1,8.338,118
10/3/2024,207,b,0,6.663,115
10/3/2024,39,a,0,6.371,135
10/3/2024,146,e,1,1.911,148
10/3/2024,203,b,1,5.071,136
10/3/2024,245,a,1,7.705,107
10/3/2024,248,a,0,5.393,43
10/3/2024,28,d,0,0.42,194
10/4/2024,203,e,1,1.731,31
10/4/2024,48,c,0,5.059,164
10/4/2024,272,b,1,2.085,88
10/4/2024,117,c,0,9.196,123
10/4/2024,116,e,0,5.847,164
10/4/2024,196,e,1,0.905,13
10/4/2024,66,b,1,7.902,106
10/4/2024,176,e,0,5.989,186
10/4/2024,98,a,1,1.396,202
10/4/2024,130,d,0,6.016,61
10/4/2024,275,e,0,0.501,17
10/4/2024,70,a,0,7.204,35
10/4/2024,102,d,0,8.096,70
10/4/2024,226,b,0,9.639,140
10/4/2024,184,b,1,6.418,98
10/4/2024,24,a,0,2.417,122
10/4/2024,112,b,1,7.732,8
10/4/2024,288,c,0,0.567,140
10/4/2024,154,e,0,0.981,109
10/4/2024,264,a,1,7.842,197
10/4/2024,107,b,1,1.723,23
10/4/2024,238,b,0,9.101,171
10/4/2024,113,d,0,8.73,118
10/4/2024,294,e,1,8.323,64
10/4/2024,202,b,1,0.992,130
10/4/2024,170,d,0,8.308,27
10/4/2024,81,b,0,4.523,175
10/4/2024,51,d,1,5.138,77
10/4/2024,153,a,0,6.265,148
10/4/2024,261,c,1,0.448,187
10/4/2024,234,d,0,4.75,219
10/4/2024,292,c,1,0.675,175
10/4/2024,232,d,1,4.315,183
10/4/2024,226,d,0,8.414,113
10/4/2024,118,d,0,5.832,205
10/4/2024,71,d,1,7.866,210
10/4/2024,229,b,1,7.636,88
10/4/2024,299,b,1,5.052,169
10/4/2024,161,d,1,8.289,30
10/4/2024,99,e,0,9.563,85
10/4/2024,257,d,0,8.38,219
10/4/2024,100,b,1,0.494,220
10/4/2024,36,a,1,3.816,9
10/4/2024,268,b,0,3.719,160
10/4/2024,106,d,0,2.661,11
10/4/2024,137,e,0,1.45,148
10/4/2024,91,c,0,3.001,156
10/4/2024,294,c,1,6.163,14
10/4/2024,237,e,1,8.491,35
10/4/2024,41,c,1,2.685,147
10/4/2024,236,b,0,9.307,145
10/4/2024,256,e,1,5.445,155
10/4/2024,147,c,1,3.885,107
10/4/2024,224,d,0,3.206,71
10/4/2024,283,b,1,2.187,104
10/4/2024,170,d,1,8.412,57
10/4/2024,57,a,1,5.377,52
10/4/2024,257,e,0,1.928,46
10/4/2024,34,b,0,3.696,163
10/4/2024,285,a,0,1.242,49
10/4/2024,73,a,0,8.932,12
10/4/2024,224,b,1,9.498,32
10/4/2024,265,b,1,5.261,154
10/4/2024,35,e,0,4.485,163
10/4/2024,195,e,1,7.268,221
10/4/2024,182,c,1,1.322,207
10/4/2024,83,b,1,0.635,98
10/4/2024,113,a,0,3.18,193
10/4/2024,94,e,0,8.155,95
10/4/2024,189,b,1,0.167,95
10/4/2024,134,c,0,4.916,127
10/4/2024,216,b,1,4.944,87
10/4/2024,38,d,1,8.048,166
10/4/2024,271,e,1,1.151,138
10/4/2024,63,c,0,9.47,199
10/4/2024,233,d,1,4.09,162
10/4/2024,34,d,1,9.309,47
10/4/2024,138,d,1,3.611,174
10/4/2024,222,d,1,1.2,219
10/4/2024,293,b,1,8.634,119
10/4/2024,58,e,1,8.326,200
10/4/2024,71,e,1,6.654,209
10/4/2024,299,b,1,3.545,72
10/4/2024,115,d,1,6.091,100
10/4/2024,297,a,0,7.438,204
10/4/2024,290,d,1,9.452,76
10/4/2024,234,e,1,0.944,9
10/4/2024,285,c,0,3.67,214
10/4/2024,209,e,0,7.728,113
10/4/2024,224,b,0,6.87,202
10/4/2024,289,a,0,3.767,207
10/4/2024,257,e,0,1.241,156
10/4/2024,149,e,0,3.8,143
10/4/2024,275,e,0,1.224,167
10/4/2024,63,d,1,9.943,46
10/4/2024,24,e,0,5.495,12
10/4/2024,40,a,0,8.905,91
10/4/2024,52,a,0,7.61,98
10/4/2024,249,e,1,5.743,161
10/4/2024,198,e,0,5.384,20
10/4/2024,110,a,0,3.938,217
10/4/2024,213,a,0,9.848,99
10/4/2024,108,a,0,6.363,199
10/4/2024,285,a,1,6.955,66
10/4/2024,268,a,1,8.759,28
10/4/2024,220,d,1,9.551,8
10/4/2024,88,d,1,5.871,68
10/4/2024,53,d,0,0.669,80
10/4/2024,131,d,1,3.709,128
10/4/2024,225,c,1,8.095,194
10/4/2024,198,c,0,3.865,93
10/4/2024,287,e,0,2.83,125
10/4/2024,205,a,0,9.022,201
10/4/2024,272,c,0,7.497,3
10/4/2024,236,d,0,8.133,196
10/4/2024,30,c,0,9.449,11
10/4/2024,221,d,0,4.66,115
10/4/2024,72,c,1,1.718,136
10/4/2024,238,b,1,5.115,178
10/4/2024,167,d,0,7.249,120
10/4/2024,265,d,0,7.408,84
10/4/2024,262,b,0,8.007,200
10/4/2024,121,e,1,2.722,15
10/4/2024,73,e,0,4.417,8
10/4/2024,265,c,0,5.558,111
10/4/2024,97,d,0,8.064,59
10/4/2024,64,d,0,1.076,52
10/4/2024,173,e,0,0.774,66
10/4/2024,49,c,0,4.947,127
10/4/2024,94,c,0,4.575,99
10/4/2024,202,c,0,4.53,218
10/4/2024,79,a,1,6.863,189
10/4/2024,223,a,1,4.802,113
10/4/2024,32,d,1,2.685,59
10/4/2024,131,e,1,9.585,171
10/4/2024,179,e,1,7.348,23
10/4/2024,25,c,1,4.53,71
10/4/2024,238,a,1,9.427,102
10/4/2024,109,a,1,4.153,192
10/4/2024,130,c,1,7.244,15
10/4/2024,160,d,1,0.049,114
10/4/2024,45,b,0,7.138,159
10/4/2024,218,c,0,6.372,23
10/4/2024,98,e,1,1.547,145
10/4/2024,30,b,0,7.732,158
10/4/2024,240,a,1,5.57,141
10/4/2024,288,e,1,8.509,75
10/4/2024,141,c,1,0.779,173
10/4/2024,157,c,1,2.302,136
10/4/2024,283,d,1,4.594,115
10/4/2024,185,b,1,7.16,3
10/4/2024,174,b,1,6.825,123
10/4/2024,110,a,0,3.98,141
10/4/2024,268,e,1,5.405,36
10/4/2024,295,b,1,3.833,107
10/4/2024,289,b,1,9.468,207
10/4/2024,141,e,0,7.838,25
10/4/2024,188,a,0,5.257,133
10/4/2024,157,a,0,2.131,23
10/4/2024,62,c,1,0.764,42
10/4/2024,81,b,0,9.484,100
10/4/2024,112,e,1,0.287,192
10/4/2024,71,c,1,6.999,175
10/4/2024,263,b,1,8.058,187
10/4/2024,131,d,0,5.331,163
10/4/2024,102,e,0,1.572,56
10/4/2024,146,d,1,7.711,151
10/4/2024,261,d,0,2.468,153
10/4/2024,28,b,1,8.846,109
10/4/2024,104,d,0,7.688,40
10/4/2024,101,c,1,6.942,146
10/4/2024,213,c,0,4.407,161
10/4/2024,135,a,0,7.688,101
10/4/2024,90,d,0,5.091,140
10/4/2024,114,b,0,0.982,220
10/4/2024,99,e,1,7.946,46
10/4/2024,207,c,1,2.98,194
10/4/2024,56,a,0,8.277,39
10/4/2024,210,b,1,3.111,190
10/4/2024,161,e,1,9.668,49
10/4/2024,293,e,1,1.558,144
10/4/2024,76,e,1,8.572,145
10/4/2024,288,e,1,7.76,6
10/4/2024,269,a,0,3.441,50
10/4/2024,65,a,0,3.847,209
10/4/2024,239,b,0,3.122,195
10/4/2024,237,d,1,1.931,120
10/4/2024,52,a,0,5.883,202
10/4/2024,164,e,0,5.105,193
10/4/2024,206,d,1,3.408,75
10/4/2024,77,d,0,8.48,64
10/4/2024,98,a,1,2.877,28
10/4/2024,256,e,0,6.72,217
10/4/2024,250,d,1,7.739,14
10/4/2024,111,c,1,4.413,81
10/4/2024,76,e,0,5.077,74
10/4/2024,126,d,1,7.526,42
10/4/2024,241,a,0,6.04,86
10/4/2024,49,d,1,9.277,59
10/4/2024,63,a,1,5.652,92
10/4/2024,32,e,1,7.696,194
10/4/2024,73,b,0,0.946,207
10/4/2024,56,b,0,9.641,27
10/4/2024,174,a,1,2.341,70
10/4/2024,36,b,0,8.221,185
10/4/2024,249,a,0,4.314,137
10/4/2024,119,b,1,6.797,18
10/4/2024,298,d,0,5.008,185
10/4/2024,298,a,1,6.376,204
10/4/2024,50,e,0,9.187,204
10/4/2024,239,a,0,8.731,129
10/4/2024,259,e,1,3.205,90
10/4/2024,148,d,1,5.633,187
10/4/2024,171,e,1,0.039,79
10/4/2024,109,a,0,7.253,104
10/4/2024,287,b,0,6.273,127
10/4/2024,132,e,1,7.943,70
10/4/2024,232,b,1,1.347,112
10/4/2024,109,c,1,4.282,54
10/4/2024,124,c,0,8.713,85
10/4/2024,47,e,0,1.872,72
10/4/2024,289,a,0,5.317,187
10/4/2024,178,a,0,7.137,127
10/4/2024,160,a,1,2.747,55
10/4/2024,83,a,0,2.929,118
10/4/2024,219,c,1,7.64,128
10/4/2024,23,c,0,2.198,153
10/4/2024,98,a,0,3.254,207
10/4/2024,134,e,1,4.593,154
10/4/2024,252,d,1,0.329,85
10/4/2024,285,a,0,9.054,183
10/4/2024,85,e,1,6.727,163
10/5/2024,251,c,1,0.472,9
10/5/2024,64,d,0,9.393,199
10/5/2024,155,b,1,3.368,56
10/5/2024,253,e,0,9.356,204
10/5/2024,193,c,1,1.334,173
10/5/2024,31,d,0,8.456,216
10/5/2024,273,c,0,0.285,148
10/5/2024,45,e,0,9.576,66
10/5/2024,147,d,0,8.711,170
10/5/2024,268,d,1,1.161,183
10/5/2024,261,d,1,3.278,121
10/5/2024,136,b,0,3.017,69
10/5/2024,219,e,1,9.63,195
10/5/2024,288,d,1,7.75,115
10/5/2024,266,d,0,5.573,107
10/5/2024,200,e,1,8.481,126
10/5/2024,213,d,1,3.567,205
10/5/2024,161,d,0,8.183,50
10/5/2024,174,a,0,6.345,3
10/5/2024,298,a,0,3.183,106
10/5/2024,195,d,0,2.493,133
10/5/2024,32,e,1,6.821,158
10/5/2024,52,a,1,6.945,50
10/5/2024,71,c,1,4.237,217
10/5/2024,221,e,1,6.106,74
10/5/2024,249,a,0,8.746,108
10/5/2024,207,b,1,7.121,97
10/5/2024,94,e,1,2.09,16
10/5/2024,234,a,0,6.403,41
10/5/2024,232,d,0,3.361,106
10/5/2024,276,c,0,2.245,30
10/5/2024,174,b,1,8.607,73
10/5/2024,156,a,0,3.899,5
10/5/2024,191,a,0,2.353,103
10/5/2024,259,b,1,9.233,157
10/5/2024,276,c,0,7.202,178
10/5/2024,69,c,1,4.398,172
10/5/2024,209,d,1,5.458,71
10/5/2024,102,b,0,2.339,124
10/5/2024,257,b,1,8.976,85
10/5/2024,24,a,1,7.45,199
10/5/2024,58,b,1,9.22,196
10/5/2024,128,d,0,1.93,97
10/5/2024,31,b,1,2.531,51
10/5/2024,291,c,1,9.501,96
10/5/2024,279,e,1,2.439,54
10/5/2024,200,b,1,9.734,62
10/5/2024,87,d,0,1.098,123
10/5/2024,68,e,1,6.588,47
10/5/2024,191,e,1,5.328,54
10/5/2024,264,e,0,7.476,21
10/5/2024,40,a,0,7.849,37
10/5/2024,136,a,0,6.045,130
10/5/2024,169,e,0,7.839,82
10/5/2024,261,d,1,1.435,155
10/5/2024,231,d,0,8.309,4
10/5/2024,216,c,1,0.15,204
10/5/2024,271,d,1,8.922,120
10/5/2024,70,c,0,5.433,23
10/5/2024,152,e,1,5.393,82
10/5/2024,203,e,1,7.837,78
10/5/2024,42,b,1,7.034,43
10/5/2024,255,e,1,8.877,151
10/5/2024,71,c,0,1.887,92
10/5/2024,65,c,0,9.25,203
10/5/2024,178,e,1,3.249,131
10/5/2024,180,e,1,2.795,112
10/5/2024,282,d,0,6.338,4
10/5/2024,40,b,0,7.903,81
10/5/2024,200,e,1,2.487,175
10/5/2024,173,a,1,0.705,48
10/5/2024,69,b,1,6.467,194
10/5/2024,62,b,0,4.757,189
10/5/2024,129,b,1,1.368,211
10/5/2024,77,c,0,2.329,186
10/5/2024,262,c,0,5.121,99
10/5/2024,249,e,0,3.543,117
10/5/2024,146,b,0,0.425,145
10/5/2024,30,b,1,7.999,181
10/5/2024,185,d,1,4.141,126
10/5/2024,70,d,0,3.744,97
10/5/2024,54,e,1,9.141,121
10/5/2024,214,d,0,3.832,185
10/5/2024,96,a,1,9.968,99
10/5/2024,264,e,0,0.193,13
10/5/2024,62,a,1,0.536,58
10/5/2024,53,e,1,0.17,164
10/5/2024,179,a,1,8.473,63
10/5/2024,235,d,0,2.139,62
10/5/2024,196,d,1,6.477,91
10/5/2024,159,b,0,8.426,90
10/5/2024,53,b,0,9.66,5
10/5/2024,83,d,0,4.044,49
10/5/2024,176,e,0,2.064,14
10/5/2024,68,a,0,6.268,86
10/5/2024,81,c,1,5.416,69
10/5/2024,196,b,0,1.036,134
10/5/2024,99,b,1,9.86,69
10/5/2024,188,d,0,8.614,211
10/5/2024,213,a,1,4.906,76
10/5/2024,61,a,1,3.771,154
10/5/2024,190,e,1,6.902,44
10/5/2024,114,e,1,4.46,105
10/5/2024,272,d,0,4.202,154
10/5/2024,35,c,1,0.917,11
10/5/2024,177,d,0,0.585,146
10/5/2024,27,d,0,0.105,131
10/5/2024,109,c,0,5.291,37
10/5/2024,204,a,1,8.499,37
10/5/2024,228,d,0,2.976,157
10/5/2024,29,d,0,6.413,8
10/5/2024,220,c,0,2.75,154
10/5/2024,166,e,1,1.786,82
10/5/2024,205,b,0,1.943,182
10/5/2024,185,e,1,0.086,171
10/5/2024,151,e,1,8.118,147
10/5/2024,198,a,0,4.584,41
10/5/2024,269,e,0,8.636,55
10/5/2024,94,e,0,2.228,194
10/5/2024,101,c,1,7.126,36
10/5/2024,43,e,0,7.171,65
10/5/2024,250,b,0,8.149,23
10/5/2024,60,e,1,8.063,67
10/5/2024,251,b,0,9.308,29
10/5/2024,135,c,1,7.71,39
10/5/2024,66,e,1,6.713,140
10/5/2024,295,e,0,6.592,217
10/5/2024,31,d,0,3.26,213
10/5/2024,35,a,0,6.41,47
10/5/2024,236,d,0,6.071,197
10/5/2024,225,c,0,6.193,65
10/5/2024,268,b,1,6.61,65
10/5/2024,73,c,1,5.452,50
10/5/2024,42,b,0,4.511,68
10/5/2024,186,e,0,2.218,72
10/5/2024,201,d,0,1.937,167
10/5/2024,200,a,0,2.147,50
10/5/2024,34,d,1,6.24,145
10/5/2024,262,c,0,6.282,141
10/5/2024,288,a,1,4.909,125
10/5/2024,31,c,1,9.847,142
10/5/2024,179,c,0,9.197,84
10/5/2024,261,b,0,6.712,144
10/5/2024,45,c,0,4.636,196
10/5/2024,182,d,0,1.814,164
10/5/2024,105,a,0,1.001,208
10/5/2024,230,d,1,6.724,139
10/5/2024,83,e,0,0.081,64
10/5/2024,110,c,0,1.141,5
10/5/2024,181,e,0,0.911,212
10/5/2024,179,a,1,2.36,58
10/5/2024,293,a,0,3.17,167
10/5/2024,180,a,1,3.404,49
10/5/2024,48,b,0,3.689,175
10/5/2024,92,e,1,4.847,125
10/5/2024,168,a,0,7.21,173
10/5/2024,287,d,0,5.987,100
10/5/2024,95,a,1,8.708,63
10/5/2024,149,c,1,1.383,39
10/5/2024,247,a,1,5.774,205
10/5/2024,53,b,0,6.832,190
10/5/2024,38,e,1,8.657,189
10/5/2024,218,e,0,7.5,7
10/5/2024,280,d,0,0.636,216
10/5/2024,272,d,1,4.158,177
10/5/2024,282,b,1,6.086,31
10/5/2024,104,e,1,9.523,122
10/5/2024,213,b,0,7.042,156
10/5/2024,134,e,1,7.282,204
10/5/2024,53,a,1,9.293,169
10/5/2024,286,a,1,2.246,57
10/5/2024,24,a,0,7.302,70
10/5/2024,235,a,1,4.63,74
10/5/2024,295,e,1,7.974,46
10/5/2024,98,c,0,8.591,50
10/5/2024,211,c,0,5.242,201
10/5/2024,130,c,0,1.223,30
10/5/2024,257,b,0,4.672,209
10/5/2024,55,c,0,4.596,29
10/5/2024,152,c,0,7.027,19
10/6/2024,178,c,0,1.067,21
10/6/2024,151,d,0,7.677,30
10/6/2024,81,b,1,9.86,122
10/6/2024,250,e,0,4.037,19
10/6/2024,249,c,1,8.601,189
10/6/2024,281,e,1,2.845,99
10/6/2024,149,b,1,6.986,55
10/6/2024,39,d,0,7.829,57
10/6/2024,165,b,0,4.673,37
10/6/2024,292,d,0,6.75,23
10/6/2024,103,b,0,3.85,177
10/6/2024,60,d,1,1.683,55
10/6/2024,237,e,1,0.617,208
10/6/2024,36,d,0,1.446,132
10/6/2024,94,c,0,3.041,116
10/6/2024,90,d,0,3.622,21
10/6/2024,71,a,1,7.303,10
10/6/2024,230,a,1,1.145,53
10/6/2024,157,d,1,5.137,206
10/6/2024,50,d,1,8.814,6
10/6/2024,261,c,1,5.335,107
10/6/2024,240,e,0,5.687,132
10/6/2024,295,e,1,6.342,134
10/6/2024,286,a,1,3.902,217
10/6/2024,91,d,1,0.872,38
10/6/2024,27,d,1,1.708,52
10/6/2024,122,a,0,0.975,101
10/6/2024,84,d,0,0.72,46
10/6/2024,150,c,0,6.145,17
10/6/2024,288,e,1,4.569,76
10/6/2024,255,c,0,0.914,133
10/6/2024,46,d,0,8.424,40
10/7/2024,267,c,0,5.266,203
10/7/2024,215,e,1,7.227,167
10/7/2024,182,d,1,7.88,47
10/7/2024,99,c,1,0.335,56
10/7/2024,85,c,0,3.688,124
10/7/2024,49,b,0,9.648,170
10/7/2024,130,a,1,7.294,90
10/7/2024,185,e,0,6.012,123
10/7/2024,282,a,1,4.895,197
10/7/2024,184,e,1,8.341,108
10/7/2024,263,d,1,1.051,13
10/7/2024,249,b,1,7.318,56
10/7/2024,271,d,0,3.236,164
10/7/2024,93,a,1,3.499,191
10/7/2024,171,d,1,8.652,150
10/7/2024,106,c,1,5.797,62
10/7/2024,192,e,1,9.582,137
10/7/2024,219,c,1,9.274,58
10/7/2024,197,a,1,1.007,208
10/7/2024,214,a,0,3.641,72
10/7/2024,221,d,0,0.209,179
10/7/2024,149,d,0,8.397,131
10/7/2024,159,d,0,8.337,74
10/7/2024,234,c,1,4.612,134
10/7/2024,269,a,1,7.25,106
10/7/2024,168,b,0,7.294,188
10/7/2024,135,a,1,7.277,31
10/7/2024,257,b,0,1.745,39
10/7/2024,103,a,0,1.515,170
10/7/2024,67,c,1,5.976,39
10/7/2024,180,d,1,4.986,20
10/7/2024,138,c,1,8.668,139
10/7/2024,284,c,0,7.24,158
10/7/2024,156,d,1,5.999,127
10/7/2024,188,b,1,9.539,100
10/7/2024,186,a,0,4.964,182
10/7/2024,123,d,0,6.892,47
10/7/2024,274,e,1,7.955,158
10/7/2024,207,b,1,2.222,6
10/7/2024,151,e,0,7.709,151
10/7/2024,140,e,1,2.422,72
10/7/2024,142,a,0,9.788,78
10/8/2024,91,e,0,8.737,220
10/8/2024,292,b,0,9.769,175
10/8/2024,156,d,0,8.29,46
10/8/2024,255,b,0,3.844,163
10/8/2024,219,e,1,8.097,157
10/8/2024,244,a,1,3.081,131
10/8/2024,137,c,1,0.726,85
10/8/2024,96,c,1,7.438,18
10/8/2024,121,c,0,4.919,216
10/8/2024,28,d,0,2.233,57
10/8/2024,114,e,0,8.052,69
10/8/2024,273,a,1,1.197,51
10/8/2024,230,e,1,8.111,107
10/8/2024,239,b,1,1.348,62
10/8/2024,265,c,0,7.278,162
10/8/2024,120,c,0,6.318,182
10/8/2024,180,b,1,9.03,55
10/8/2024,285,b,0,7.803,83
10/8/2024,211,b,0,4.264,9
10/8/2024,233,c,1,4.711,186
10/8/2024,120,b,0,3.9,119
10/8/2024,99,c,1,6.599,216
10/8/2024,214,c,0,5.122,43
10/8/2024,55,b,0,2.23,67
10/8/2024,122,e,0,0.181,161
10/8/2024,81,b,0,0.938,208
10/8/2024,270,c,1,5.975,141
10/8/2024,107,c,1,5.675,161
10/8/2024,84,a,0,9.708,138
10/8/2024,190,e,0,6.018,50
10/8/2024,118,a,0,9.017,205
10/8/2024,126,b,1,5.203,131
10/8/2024,91,e,0,8.737,220
10/8/2024,292,b,0,9.769,175
10/8/2024,156,d,0,8.29,46
10/8/2024,255,b,0,3.844,163
10/8/2024,219,e,1,8.097,157
10/8/2024,244,a,1,3.081,131
10/8/2024,137,c,1,0.726,85
10/8/2024,96,c,1,7.438,18
10/8/2024,121,c,0,4.919,216
10/8/2024,28,d,0,2.233,57
10/8/2024,114,e,0,8.052,69
10/8/2024,273,a,1,1.197,51
10/8/2024,230,e,1,8.111,107
10/8/2024,239,b,1,1.348,62
10/8/2024,265,c,0,7.278,162
10/8/2024,120,c,0,6.318,182
10/8/2024,180,b,1,9.03,55
10/8/2024,285,b,0,7.803,83
10/8/2024,211,b,0,4.264,9
10/8/2024,233,c,1,4.711,186
10/8/2024,120,b,0,3.9,119
10/8/2024,99,c,1,6.599,216
10/8/2024,214,c,0,5.122,43
10/8/2024,55,b,0,2.23,67
10/8/2024,122,e,0,0.181,161
10/8/2024,81,b,0,0.938,208
10/8/2024,270,c,1,5.975,141
10/8/2024,107,c,1,5.675,161
10/8/2024,84,a,0,9.708,138
10/8/2024,190,e,0,6.018,50
10/8/2024,118,a,0,9.017,205
10/8/2024,126,b,1,5.203,131
10/9/2024,164,d,0,0.907,18
10/9/2024,211,b,1,1.252,216
10/9/2024,74,b,1,5.398,70
10/9/2024,254,e,0,3.464,42
10/9/2024,174,d,1,9.607,113
10/9/2024,279,a,0,3.079,127
10/9/2024,94,e,0,0.648,185
10/9/2024,263,c,1,1.735,91
10/9/2024,89,b,1,2.429,143
10/9/2024,112,a,0,9.635,198
10/9/2024,58,a,0,7.214,13
10/9/2024,189,b,0,8.173,72
10/9/2024,190,b,0,1.138,65
10/9/2024,89,e,0,8.482,99
10/9/2024,52,d,0,1.048,137
10/9/2024,133,d,0,0.89,154
10/9/2024,138,c,1,7.524,218
10/9/2024,182,e,1,5.21,54
10/9/2024,284,b,1,1.648,24
10/9/2024,171,c,0,7.187,32
10/9/2024,95,e,0,8.719,52
10/9/2024,102,c,1,5.878,179
10/9/2024,215,d,0,1.888,27
10/9/2024,190,c,1,1.411,184
10/9/2024,258,d,0,1.886,3
10/9/2024,29,c,0,9.357,51
10/9/2024,207,c,0,4.201,137
10/9/2024,203,b,0,3.126,109
10/9/2024,135,a,1,1.686,206
10/9/2024,191,a,1,8.271,187
10/9/2024,279,b,1,4.151,125
10/9/2024,70,d,0,2.449,93
10/9/2024,25,c,1,9.023,72
10/9/2024,79,a,1,9.768,70
10/9/2024,277,b,0,6.233,43
10/9/2024,132,a,1,9.859,13
10/9/2024,196,c,1,7.969,8
10/9/2024,175,c,0,8.158,74
10/10/2024,220,b,1,6.467,157
10/10/2024,256,b,1,4.894,161
10/10/2024,69,a,0,9.314,148
10/10/2024,151,b,1,1.127,205
10/10/2024,199,a,1,4.472,136
10/10/2024,223,d,0,4.894,47
10/10/2024,254,c,0,0.491,24
10/10/2024,47,b,0,1.743,214
10/10/2024,209,a,1,2.825,128
10/10/2024,266,d,1,3.325,205
10/10/2024,95,a,0,3.845,194
10/10/2024,117,d,0,1.697,50
10/10/2024,161,d,0,3.964,165
10/10/2024,229,d,1,1.275,39
10/10/2024,23,d,0,3.698,102
10/10/2024,85,e,0,0.069,218
10/10/2024,207,e,0,9.249,25
10/10/2024,295,c,0,6.751,179
10/10/2024,189,b,1,5.754,70
10/10/2024,138,e,1,7.083,26
10/10/2024,127,a,1,2.39,132
10/10/2024,38,c,1,4.173,57
10/10/2024,168,c,1,9.229,159
10/10/2024,23,a,1,3.371,16
10/10/2024,276,a,0,2.132,41
10/10/2024,243,e,1,1.868,21
10/10/2024,110,c,1,9.126,10
10/10/2024,237,e,0,6.32,40
10/10/2024,123,a,1,2.823,8
10/10/2024,72,d,0,2.203,96
10/10/2024,247,d,0,2.414,133
10/10/2024,219,e,0,1.263,173
10/10/2024,131,b,0,7.633,203
10/10/2024,258,d,0,8.748,57
10/10/2024,203,c,0,6.009,147
10/10/2024,164,d,1,5.969,119
10/10/2024,248,e,1,6.918,173
10/10/2024,105,a,1,9.138,221
10/10/2024,272,d,1,5.624,202
10/10/2024,198,e,1,9.911,87
10/10/2024,281,d,0,5.254,187
10/10/2024,141,e,0,0.368,154
10/10/2024,172,e,1,9.898,68
10/10/2024,61,b,0,3.31,100
10/10/2024,103,a,1,2.896,162
10/10/2024,207,d,1,7.584,197
10/10/2024,129,a,1,4.021,11
10/10/2024,293,e,0,8.83,143
10/10/2024,127,a,0,9.706,110
10/10/2024,125,e,0,9.467,158
10/10/2024,136,b,0,0.893,63
10/10/2024,47,b,0,9.451,60
10/10/2024,188,e,1,9.183,7
10/10/2024,71,d,1,6.991,3
10/10/2024,144,c,0,4.858,199
10/10/2024,259,a,0,4.79,96
10/10/2024,43,a,1,7.961,123
10/10/2024,160,e,1,2.813,161
10/10/2024,40,c,1,3.607,214
10/10/2024,212,b,1,0.503,26
10/10/2024,202,d,0,5.791,127
10/10/2024,83,e,0,0.763,127
10/10/2024,124,c,1,1.858,12
10/10/2024,109,c,0,0.844,103
10/10/2024,195,e,1,8.941,27
10/10/2024,109,c,1,3.88,160
10/10/2024,58,d,0,8.411,108
10/10/2024,164,c,0,7.589,179
10/10/2024,227,a,1,6.107,185
10/10/2024,239,a,0,4.897,176
10/10/2024,253,b,0,0.7,221
10/10/2024,57,d,1,0.372,57
10/10/2024,232,b,0,2.202,210
10/10/2024,188,e,0,8.435,158
10/10/2024,84,b,0,8.092,158
10/10/2024,26,e,1,2.055,14
10/10/2024,41,c,0,1.319,145
10/10/2024,170,e,1,7.642,161
10/10/2024,74,e,0,9.694,192
10/10/2024,123,d,0,8.825,166
10/10/2024,282,b,0,1.219,38
10/10/2024,100,c,0,0.68,220
10/10/2024,175,a,0,0.632,204
10/10/2024,230,e,0,4.407,127
10/10/2024,139,a,1,9.52,47
10/10/2024,83,b,1,5.613,206
10/10/2024,180,b,0,3.982,159
10/10/2024,171,a,1,5.098,200
10/10/2024,243,a,0,8.611,163
10/10/2024,22,a,1,7.034,85
10/10/2024,279,b,1,7.764,128
10/10/2024,66,b,1,9.961,36
10/10/2024,234,c,1,3.781,8
10/10/2024,178,e,1,4.774,61
10/10/2024,122,e,0,2.549,113
10/10/2024,205,b,0,5.485,101
10/10/2024,79,a,0,1.367,97
10/10/2024,143,d,1,5.363,19
10/10/2024,44,c,1,3.298,188
10/10/2024,126,b,0,2.0,73
10/10/2024,246,d,0,2.381,98
10/10/2024,78,a,0,1.612,164
10/10/2024,244,e,0,0.634,160
10/10/2024,54,b,0,0.106,15
10/10/2024,119,e,1,7.815,97
10/10/2024,115,d,1,3.14,161
10/10/2024,243,a,0,3.924,108
10/10/2024,233,b,1,2.04,141
10/10/2024,80,a,0,7.733,197
10/10/2024,107,c,1,4.46,77
10/10/2024,192,b,0,8.374,209
10/10/2024,108,d,1,4.784,31
10/10/2024,271,e,0,7.195,70
10/10/2024,168,e,1,0.497,195
10/10/2024,117,b,0,8.636,202
10/10/2024,145,a,0,5.175,113
10/10/2024,110,a,0,3.843,154
10/10/2024,229,e,0,2.773,10
10/10/2024,290,d,1,3.878,8
10/10/2024,120,e,1,6.752,80
10/10/2024,213,e,0,5.131,102
10/10/2024,218,d,0,4.745,103
10/10/2024,95,d,1,6.702,92
10/10/2024,114,c,0,9.486,208
10/10/2024,265,a,0,4.739,83
10/10/2024,95,e,1,0.13,177
10/10/2024,81,c,0,4.59,171
10/10/2024,171,d,0,6.521,68
10/10/2024,143,d,1,3.756,192
10/10/2024,148,d,0,4.38,188
10/10/2024,263,c,1,6.277,168
10/10/2024,68,e,0,3.059,22
10/10/2024,58,a,1,1.528,90
10/10/2024,22,e,0,5.301,93
10/10/2024,84,e,1,2.084,55
10/10/2024,149,d,0,6.211,3
10/10/2024,176,c,0,7.847,72
10/10/2024,89,d,1,3.017,26
10/10/2024,291,e,1,4.863,113
10/10/2024,251,d,0,8.604,134
10/10/2024,82,d,0,9.985,113
10/10/2024,134,a,0,6.734,4
10/10/2024,251,e,0,3.201,200
10/10/2024,197,c,0,9.034,198
10/10/2024,118,c,0,3.901,205
10/10/2024,203,d,1,8.113,194
10/10/2024,66,e,1,1.514,71
10/10/2024,196,e,0,9.272,174
10/10/2024,135,e,0,8.434,132
10/10/2024,255,c,1,5.775,19
10/10/2024,269,a,1,9.455,60
10/10/2024,193,a,1,2.453,132
10/10/2024,234,c,0,5.961,107
10/10/2024,181,a,0,3.031,32
10/10/2024,270,c,1,6.64,100
10/10/2024,116,c,1,0.913,49
10/10/2024,158,c,0,1.339,205
10/10/2024,31,b,1,9.581,193
10/10/2024,218,e,1,8.51,179
10/10/2024,169,a,1,7.704,160
10/10/2024,126,c,1,9.874,113
10/10/2024,44,a,1,3.531,139
10/10/2024,50,d,0,9.873,29
10/10/2024,280,d,1,0.204,3
10/10/2024,61,a,0,3.128,109
10/10/2024,189,b,1,9.297,89
10/11/2024,59,d,1,4.797,187
10/11/2024,184,e,1,9.185,153
10/11/2024,57,d,0,3.883,112
10/11/2024,62,b,0,9.619,177
10/11/2024,232,a,1,8.582,64
10/11/2024,230,e,0,1.792,182
10/11/2024,244,e,0,0.183,11
10/11/2024,96,e,1,0.583,111
10/11/2024,294,a,0,2.454,150
10/11/2024,213,c,1,8.551,66
10/11/2024,87,d,0,7.983,116
10/11/2024,189,c,0,6.3,79
10/11/2024,220,d,1,1.497,183
10/11/2024,79,a,1,3.029,179
10/11/2024,101,d,1,6.281,207
10/11/2024,147,c,1,4.269,46
10/11/2024,220,d,0,3.524,88
10/11/2024,298,c,0,6.332,79
10/11/2024,84,a,1,6.694,93
10/11/2024,54,b,0,3.061,84
10/11/2024,64,c,0,0.814,200
10/11/2024,35,c,0,4.386,123
10/11/2024,277,b,1,4.365,76
10/11/2024,22,a,1,2.745,101
10/11/2024,90,d,1,7.603,9
10/11/2024,37,a,0,0.931,167
10/11/2024,237,a,1,0.941,91
10/11/2024,29,a,0,3.298,218
10/11/2024,205,a,1,2.064,56
10/11/2024,45,d,0,4.126,157
10/11/2024,276,a,1,4.478,198
10/11/2024,230,a,0,2.346,26
10/11/2024,235,a,0,1.772,111
10/11/2024,257,d,0,4.162,144
10/11/2024,176,b,0,6.871,137
10/11/2024,253,d,0,4.003,32
10/11/2024,180,b,1,5.507,217
10/11/2024,161,e,1,7.138,94
10/11/2024,141,c,1,4.048,33
10/11/2024,275,e,0,4.622,207
10/11/2024,243,a,0,9.338,2
10/11/2024,188,d,0,5.485,82
10/11/2024,47,d,1,6.531,215
10/11/2024,31,c,0,8.362,38
10/11/2024,58,c,1,2.789,1
10/11/2024,200,b,0,7.67,149
10/11/2024,175,e,0,1.59,52
10/11/2024,218,d,0,2.206,97
10/11/2024,246,c,0,0.832,29
10/11/2024,73,b,0,8.185,163
10/11/2024,26,d,1,0.146,87
10/11/2024,282,a,0,9.376,155
10/11/2024,97,c,1,8.497,74
10/11/2024,272,b,0,1.959,128
10/11/2024,188,e,0,0.839,147
10/11/2024,48,d,1,8.877,57
10/11/2024,246,e,0,9.05,92
10/11/2024,141,c,1,0.022,192
10/11/2024,145,a,1,7.017,209
10/11/2024,175,a,1,8.011,85
10/11/2024,71,e,0,6.313,2
10/11/2024,109,b,0,7.308,165
10/11/2024,34,e,1,4.47,221
10/11/2024,93,d,0,7.49,84
10/11/2024,67,b,1,3.784,132
10/11/2024,232,d,0,1.645,101
10/11/2024,35,a,0,2.141,97
10/11/2024,58,a,0,8.504,16
10/11/2024,97,e,1,8.527,38
10/11/2024,62,b,1,9.73,3
10/11/2024,137,a,0,7.445,20
10/11/2024,250,b,1,2.184,16
10/11/2024,157,c,0,1.062,11
10/11/2024,47,e,1,2.034,51
10/11/2024,130,d,1,7.777,191
10/11/2024,151,a,1,7.912,152
10/11/2024,192,a,0,7.536,106
10/11/2024,244,b,1,2.049,131
10/11/2024,183,a,1,0.308,30
10/11/2024,70,c,0,6.003,39
10/11/2024,187,b,0,5.728,153
10/11/2024,153,a,1,4.948,76
10/11/2024,66,b,0,1.995,177
10/11/2024,64,e,0,7.889,45
10/11/2024,293,a,1,0.205,41
10/11/2024,110,b,0,3.949,85
10/11/2024,159,d,0,7.356,38
10/11/2024,30,e,1,7.073,201
10/11/2024,217,e,1,6.872,140
10/11/2024,91,b,0,0.012,184
10/11/2024,135,e,0,0.204,24
10/11/2024,121,e,1,7.047,101
10/11/2024,197,e,1,5.419,153
10/11/2024,246,b,1,7.594,156
10/11/2024,40,b,1,2.801,159
10/11/2024,135,d,0,0.707,130
10/11/2024,276,e,0,1.689,114
10/11/2024,262,d,0,5.869,54
10/11/2024,156,b,1,0.516,125
10/11/2024,73,d,1,7.631,90
10/11/2024,115,a,0,1.878,43
10/11/2024,56,e,1,3.036,189
10/11/2024,73,c,1,6.705,35
10/11/2024,105,b,0,9.627,166
10/11/2024,238,e,0,2.02,46
10/11/2024,112,e,0,3.682,104
10/11/2024,164,e,0,1.256,182
10/11/2024,222,c,0,7.843,108
10/11/2024,109,b,0,9.858,131
10/11/2024,112,e,1,4.348,194
10/11/2024,143,e,0,8.553,109
10/11/2024,66,d,0,7.671,105
10/11/2024,27,e,1,3.982,205
10/11/2024,243,e,0,3.306,57
10/11/2024,74,e,1,3.242,169
10/11/2024,278,d,1,5.476,215
10/11/2024,281,d,0,6.414,79
10/11/2024,120,c,1,8.214,17
10/11/2024,216,e,0,9.737,46
10/11/2024,132,c,0,7.689,81
10/11/2024,184,a,1,0.826,85
10/11/2024,135,a,0,7.155,189
10/11/2024,42,d,0,5.683,82
10/11/2024,136,e,1,8.462,70
10/11/2024,94,d,0,0.127,88
10/11/2024,247,e,1,8.903,12
10/11/2024,112,c,0,2.887,60
10/11/2024,289,e,1,4.428,170
10/11/2024,33,e,0,6.278,90
10/11/2024,294,a,0,0.8,95
10/11/2024,92,c,1,6.403,97
10/11/2024,244,a,0,5.901,75
10/11/2024,170,e,1,3.665,170
10/11/2024,237,b,1,8.915,19
10/11/2024,165,e,1,6.842,133
10/11/2024,75,c,0,4.079,195
10/11/2024,70,d,1,2.391,189
10/11/2024,298,d,0,2.602,81
10/11/2024,284,b,0,0.926,102
10/11/2024,203,b,0,0.208,27
10/11/2024,222,b,1,8.302,101
10/11/2024,252,d,1,0.104,86
10/11/2024,119,a,0,7.51,127
10/11/2024,134,e,1,3.388,193
10/11/2024,225,c,0,3.839,97
10/11/2024,203,d,0,5.613,1
10/11/2024,29,a,0,7.759,4
10/11/2024,277,c,0,8.174,29
10/11/2024,225,c,0,2.271,100
10/11/2024,208,a,0,2.138,120
10/11/2024,278,d,1,3.191,52
10/11/2024,287,e,0,3.301,141
10/11/2024,56,c,1,3.213,200
10/11/2024,142,d,1,3.891,106
10/11/2024,167,d,1,6.733,110
10/11/2024,206,e,0,2.028,157
10/11/2024,105,c,1,1.926,151
10/11/2024,91,a,1,4.574,53
10/11/2024,92,a,1,7.432,4
10/11/2024,251,e,1,7.045,217
10/11/2024,75,e,1,6.552,101
10/11/2024,152,a,1,5.659,13
10/11/2024,220,e,1,1.85,50
10/11/2024,168,b,0,1.709,169
10/11/2024,132,c,1,7.523,127
10/11/2024,287,e,0,1.573,20
10/11/2024,121,b,1,6.802,152
10/11/2024,109,d,0,7.149,143
10/11/2024,66,c,1,7.546,101
10/11/2024,201,d,1,2.987,151
10/11/2024,163,d,0,7.21,154
10/11/2024,186,d,0,2.115,2
10/11/2024,224,d,0,6.136,65
10/11/2024,52,c,1,7.858,161
10/11/2024,78,a,1,7.844,150
10/11/2024,22,a,1,4.583,162
10/11/2024,102,a,0,2.384,196
10/11/2024,226,b,1,9.989,135
10/11/2024,218,d,0,4.004,31
10/11/2024,223,a,1,2.713,142
10/11/2024,227,a,1,6.979,202
10/11/2024,84,c,1,0.373,123
10/11/2024,248,b,0,4.48,50
10/11/2024,195,c,1,2.785,27
10/11/2024,217,d,0,3.527,21
10/11/2024,254,a,0,8.565,160
10/11/2024,222,d,0,9.553,41
10/11/2024,291,d,1,6.68,131
10/11/2024,201,e,1,0.777,45
10/11/2024,269,b,1,2.054,78
10/11/2024,184,a,0,5.731,161
10/11/2024,231,b,0,4.058,129
10/11/2024,157,b,0,3.493,23
10/11/2024,292,d,1,1.809,199
10/11/2024,140,c,0,3.67,69
10/11/2024,127,d,1,9.208,14
10/11/2024,257,b,0,7.018,156
10/11/2024,259,e,0,9.042,6
10/11/2024,89,c,1,9.361,156
10/11/2024,63,e,1,7.553,120
10/11/2024,290,b,0,7.598,58
10/11/2024,195,c,0,8.898,43
10/11/2024,219,c,0,1.752,97
10/11/2024,205,d,0,4.416,68
10/11/2024,245,b,0,8.355,30
10/11/2024,204,c,0,9.092,82
10/11/2024,122,e,0,1.277,164
10/11/2024,232,d,1,5.04,219
10/11/2024,78,b,0,5.968,1
10/11/2024,164,d,1,5.233,89
10/11/2024,137,a,1,0.887,2
10/11/2024,252,c,1,3.885,17
10/11/2024,157,a,1,1.391,141
10/11/2024,220,e,1,6.813,87
10/11/2024,107,e,1,3.834,125
10/11/2024,148,e,1,8.496,166
10/11/2024,71,e,1,9.924,210
10/11/2024,140,b,1,1.652,82
10/11/2024,209,b,1,5.535,29
10/11/2024,35,a,1,8.822,123
10/11/2024,285,c,0,4.817,44
10/11/2024,36,b,0,6.109,80
10/11/2024,161,a,0,9.574,53
10/11/2024,45,a,0,3.853,81
10/11/2024,229,e,0,6.823,70
10/11/2024,161,a,1,7.525,162
10/11/2024,262,c,0,8.582,77
10/11/2024,26,a,0,1.191,142
10/11/2024,53,d,1,7.67,34
10/11/2024,273,e,1,0.775,6
10/11/2024,38,e,1,5.71,47
10/11/2024,181,c,0,5.599,113
10/11/2024,155,d,0,5.998,104
10/11/2024,254,a,0,9.399,214
10/11/2024,53,c,1,3.522,7
10/11/2024,37,b,1,8.289,139
10/11/2024,30,e,1,1.805,64
10/11/2024,201,b,1,8.84,199
10/11/2024,152,a,0,2.958,10
10/11/2024,255,e,1,6.345,110
10/11/2024,76,e,1,2.06,74
10/11/2024,279,a,0,9.863,163
10/11/2024,200,e,0,0.972,133
10/11/2024,72,b,1,2.077,5
10/11/2024,25,e,0,1.125,63
10/11/2024,235,a,0,3.861,89
10/11/2024,194,a,0,9.967,211
10/11/2024,25,e,1,9.202,181
10/11/2024,227,a,0,5.64,191
10/11/2024,59,e,0,9.511,87
10/11/2024,49,c,0,0.235,212
10/11/2024,200,e,1,2.134,103
10/11/2024,255,e,1,1.043,210
10/11/2024,92,a,0,5.439,165
10/11/2024,49,b,1,8.972,183
10/11/2024,250,b,0,8.64,23
10/11/2024,52,d,1,3.132,189
10/11/2024,263,b,0,5.47,138
10/11/2024,225,a,0,4.151,95
10/11/2024,257,d,0,9.736,13
10/11/2024,134,e,0,4.679,194
10/11/2024,51,c,0,0.345,50
10/11/2024,46,e,0,0.537,156
10/11/2024,240,e,1,5.27,145
10/11/2024,293,d,1,5.089,178
10/11/2024,83,c,0,6.567,210
10/11/2024,244,a,1,7.508,104
10/11/2024,73,c,1,1.149,146
10/11/2024,271,e,0,5.813,8
10/11/2024,206,b,0,0.35,80
10/11/2024,109,e,0,7.063,182
10/11/2024,78,d,0,3.974,40
10/11/2024,77,e,0,2.827,54
10/12/2024,182,a,1,5.489,220
10/12/2024,157,c,1,4.681,7
10/12/2024,82,c,0,5.587,70
10/12/2024,107,e,1,2.852,49
10/12/2024,235,e,1,9.558,76
10/12/2024,285,c,0,6.623,67
10/12/2024,137,a,0,4.636,119
10/12/2024,35,d,1,4.268,205
10/12/2024,96,c,0,8.443,131
10/12/2024,194,e,0,2.48,186
10/12/2024,168,d,1,0.402,184
10/12/2024,117,d,1,5.044,31
10/12/2024,224,c,0,8.771,30
10/12/2024,76,c,1,7.506,56
10/12/2024,41,e,1,5.229,216
10/12/2024,297,e,0,9.915,196
10/12/2024,190,b,1,1.872,149
10/12/2024,274,d,0,4.051,134
10/12/2024,120,c,0,2.309,127
10/12/2024,116,a,0,3.492,1
10/12/2024,217,b,1,9.238,154
10/12/2024,86,a,1,5.686,12
10/12/2024,292,c,0,5.187,69
10/12/2024,246,c,0,0.192,202
10/12/2024,164,a,1,5.275,126
10/12/2024,282,b,0,7.164,166
10/12/2024,263,a,1,3.525,216
10/12/2024,74,e,0,2.016,138
10/12/2024,103,d,0,5.983,178
10/12/2024,75,b,1,2.17,57
10/12/2024,195,c,0,5.937,85
10/12/2024,297,e,1,1.146,92
10/12/2024,292,b,0,4.004,37
10/12/2024,214,e,1,5.72,94
10/13/2024,274,c,0,8.276,6
10/13/2024,267,d,1,8.841,207
10/13/2024,262,d,0,4.088,46
10/13/2024,46,e,0,3.035,21
10/13/2024,283,c,0,6.263,123
10/13/2024,241,e,1,2.803,63
10/13/2024,36,d,1,7.677,174
10/13/2024,256,d,0,9.824,76
10/13/2024,256,a,0,7.083,66
10/13/2024,115,d,0,2.569,89
10/13/2024,266,b,0,8.626,22
10/13/2024,108,e,0,7.371,171
10/13/2024,270,c,1,3.426,37
10/13/2024,187,a,0,9.354,201
10/13/2024,82,c,0,0.175,40
10/13/2024,207,b,1,7.375,168
10/13/2024,183,a,0,5.549,111
10/13/2024,87,b,1,4.507,133
10/13/2024,224,d,0,2.356,48
10/13/2024,210,b,0,5.544,153
10/13/2024,111,e,0,2.272,23
10/13/2024,268,d,1,0.399,203
10/13/2024,264,a,0,8.067,102
10/13/2024,235,c,1,7.461,96
10/13/2024,98,d,1,0.115,221
10/13/2024,125,b,1,4.798,75
10/13/2024,287,e,0,2.617,90
10/13/2024,129,c,0,9.472,11
10/13/2024,272,d,0,1.319,93
10/13/2024,74,d,1,8.768,196
10/13/2024,170,b,1,4.919,202
10/13/2024,45,a,0,1.488,108
10/13/2024,36,c,0,6.438,161
10/13/2024,90,a,1,6.28,146
10/13/2024,297,b,1,0.022,183
10/13/2024,145,e,1,0.938,154
10/13/2024,260,e,0,1.138,171
10/13/2024,44,b,1,7.465,2
10/13/2024,72,e,0,6.553,135
10/13/2024,119,e,0,2.451,69
10/13/2024,201,b,0,8.134,127
10/13/2024,253,d,0,8.99,17
10/13/2024,291,e,1,8.484,50
10/13/2024,265,b,1,2.639,55
10/13/2024,206,b,1,8.803,188
10/13/2024,273,e,0,1.916,188
10/13/2024,159,d,1,8.771,112
10/13/2024,30,c,0,9.581,104
10/13/2024,271,a,1,6.023,94
10/13/2024,186,c,1,7.899,10
10/13/2024,84,e,1,1.592,125
10/13/2024,128,b,0,0.526,97
10/13/2024,130,c,0,6.249,199
10/13/2024,234,a,1,2.628,22
10/13/2024,210,c,0,7.366,156
10/13/2024,25,d,1,9.384,174
10/13/2024,222,a,1,2.661,96
10/13/2024,164,a,0,1.15,85
10/13/2024,266,c,1,9.003,62
10/13/2024,35,c,1,1.461,37
10/13/2024,84,d,0,5.164,168
10/13/2024,49,d,1,6.353,175
10/13/2024,214,c,1,3.371,166
10/13/2024,262,d,1,0.458,108
10/13/2024,231,d,1,6.773,93
10/13/2024,155,e,0,6.735,199
10/13/2024,65,b,1,0.924,37
10/13/2024,55,b,0,6.906,138
10/13/2024,158,e,1,2.819,192
10/13/2024,257,a,0,3.391,193
10/13/2024,29,d,1,2.091,184
10/13/2024,256,d,1,8.142,13
10/13/2024,92,c,0,3.115,215
10/13/2024,130,b,0,9.951,213
10/13/2024,210,c,1,7.187,4
10/13/2024,79,c,1,5.157,190
10/13/2024,197,d,0,0.252,5
10/13/2024,188,a,0,6.386,215
10/13/2024,219,b,0,8.791,5
10/13/2024,231,b,1,5.616,135
10/13/2024,258,d,1,8.393,101
10/13/2024,58,d,1,4.685,150
10/13/2024,126,e,0,7.05,126
10/13/2024,298,b,0,5.092,97
10/13/2024,88,d,0,1.804,205
10/13/2024,92,c,0,7.396,151
10/13/2024,135,c,1,0.36,129
10/13/2024,179,d,0,2.241,29
10/13/2024,259,b,1,8.175,28
10/13/2024,169,d,0,4.628,152
10/13/2024,284,c,1,9.254,39
10/13/2024,287,c,0,2.326,91
10/13/2024,274,d,1,6.263,173
10/13/2024,86,a,1,0.875,92
10/13/2024,44,d,1,0.701,50
10/13/2024,194,d,0,3.524,197
10/13/2024,186,b,1,4.973,138
10/13/2024,198,a,1,8.06,41
10/13/2024,274,d,0,2.226,10
10/13/2024,126,d,1,6.46,149
10/13/2024,156,b,1,5.287,46
10/13/2024,54,b,0,5.445,22
10/13/2024,225,c,1,6.436,53
10/13/2024,160,d,0,6.993,165
10/13/2024,213,b,1,3.335,25
10/13/2024,50,d,1,3.082,127
10/13/2024,186,e,0,1.43,163
10/13/2024,127,a,1,7.993,3
10/13/2024,173,d,1,1.066,156
10/13/2024,35,e,0,7.921,179
10/13/2024,253,e,1,1.083,95
10/13/2024,282,d,1,2.269,218
10/13/2024,264,b,0,9.14,74
10/13/2024,53,a,0,1.772,204
10/13/2024,28,c,0,6.326,17
10/13/2024,27,e,1,6.644,15
10/13/2024,183,b,0,5.248,63
10/13/2024,57,d,0,7.82,187
10/13/2024,123,c,0,4.474,22
10/13/2024,278,c,1,0.407,140
10/13/2024,228,a,1,4.231,165
10/13/2024,46,b,1,9.653,15
10/13/2024,154,c,1,1.878,112
10/13/2024,97,b,1,6.594,48
10/13/2024,68,a,1,2.148,175
10/13/2024,125,a,0,7.781,193
10/13/2024,266,c,0,8.767,167
10/13/2024,278,a,1,3.108,200
10/13/2024,131,d,1,6.583,65
10/13/2024,115,a,1,6.054,151
10/13/2024,112,b,1,9.017,137
10/13/2024,75,c,1,5.063,16
10/13/2024,296,a,1,9.684,10
10/13/2024,249,d,0,4.989,105
10/13/2024,292,e,1,4.295,148
10/13/2024,127,b,1,4.549,165
10/13/2024,60,a,1,7.595,172
10/13/2024,61,c,1,6.513,143
10/13/2024,261,d,1,5.318,10
10/13/2024,82,e,0,2.361,59
10/13/2024,32,b,1,6.087,173
10/13/2024,250,d,0,1.71,7
10/13/2024,49,b,0,7.758,34
10/13/2024,173,a,1,1.156,190
10/13/2024,77,d,0,2.73,86
10/13/2024,84,d,1,4.826,204
10/13/2024,197,c,0,6.926,66
10/13/2024,162,e,1,6.435,31
10/13/2024,117,b,1,1.064,102
10/13/2024,199,c,1,4.326,124
10/13/2024,91,d,1,9.611,125
10/13/2024,249,c,0,9.341,219
10/13/2024,254,d,1,1.793,128
10/13/2024,240,d,1,3.607,205
10/13/2024,71,e,0,9.131,107
10/13/2024,233,e,0,6.522,35
10/13/2024,235,e,1,4.763,9
10/13/2024,33,e,1,6.629,129
10/13/2024,264,d,1,6.028,135
10/13/2024,239,a,1,3.839,92
10/13/2024,71,b,1,9.319,204
10/13/2024,35,c,1,4.226,159
10/13/2024,166,c,1,9.009,177
10/13/2024,44,a,0,7.68,82
10/13/2024,53,b,1,2.659,48
10/13/2024,273,a,1,4.584,70
10/14/2024,117,b,1,5.755,10
10/14/2024,64,e,1,2.65,157
10/14/2024,248,a,1,5.63,108
10/14/2024,24,b,1,8.086,176
10/14/2024,34,d,0,3.475,158
10/14/2024,214,d,1,5.866,61
10/14/2024,221,c,1,3.436,25
10/14/2024,36,e,1,6.664,125
10/14/2024,235,e,1,3.314,121
10/14/2024,265,e,1,7.186,111
10/14/2024,83,a,0,9.067,57
10/14/2024,273,e,0,5.197,43
10/14/2024,41,e,0,6.791,5
10/14/2024,235,e,1,1.332,81
10/14/2024,105,c,0,9.209,39
10/14/2024,56,b,1,7.919,141
10/14/2024,105,d,0,0.596,61
10/14/2024,38,b,1,7.563,68
10/14/2024,39,c,0,0.584,147
10/14/2024,33,d,0,3.777,10
10/14/2024,89,c,0,0.56,27
10/14/2024,298,c,0,3.518,220
10/14/2024,26,c,1,3.372,193
10/14/2024,290,a,0,6.719,81
10/14/2024,248,c,1,8.318,10
10/14/2024,59,d,1,9.427,72
10/14/2024,136,d,1,8.16,56
10/14/2024,146,a,0,0.915,202
10/14/2024,43,e,0,9.96,174
10/14/2024,221,a,1,0.604,88
10/14/2024,107,a,0,5.863,144
10/14/2024,299,b,1,2.742,57
10/14/2024,106,b,0,2.763,92
10/14/2024,237,e,0,8.552,68
10/14/2024,240,a,0,0.782,93
10/14/2024,164,b,1,9.621,68
10/14/2024,276,c,0,7.133,181
10/14/2024,41,d,0,4.737,185
10/14/2024,147,a,1,0.442,100
10/14/2024,182,c,0,0.84,10
10/14/2024,60,d,0,6.033,171
10/14/2024,96,a,1,9.418,158
10/14/2024,106,e,1,8.629,59
10/14/2024,85,b,1,3.732,35
10/14/2024,276,d,1,0.548,38
10/14/2024,148,c,0,4.82,18
10/14/2024,154,c,0,9.995,92
10/14/2024,119,e,0,9.253,211
10/14/2024,71,e,1,1.888,139
10/14/2024,185,d,0,9.45,196
10/14/2024,289,d,1,7.295,115
10/14/2024,263,d,1,8.283,170
10/14/2024,49,c,0,1.77,190
10/14/2024,174,d,0,7.747,166
10/14/2024,29,b,0,7.893,78
10/14/2024,276,d,0,3.498,72
10/14/2024,251,c,0,0.971,160
10/14/2024,66,c,1,0.851,84
10/14/2024,246,e,1,0.541,14
10/14/2024,195,b,0,1.402,206
10/14/2024,60,c,0,6.755,212
10/14/2024,241,b,0,8.092,160
10/14/2024,186,a,0,2.893,146
10/14/2024,96,b,1,0.469,24
10/14/2024,63,e,0,2.02,7
10/14/2024,34,a,1,3.152,29
10/14/2024,53,e,0,0.674,109
10/14/2024,139,c,1,3.597,145
10/14/2024,80,c,1,3.699,72
10/14/2024,267,b,1,8.759,78
10/14/2024,117,b,1,9.133,179
10/14/2024,100,d,1,3.585,105
10/14/2024,99,e,0,5.171,139
10/14/2024,191,b,1,9.522,97
10/14/2024,238,d,0,8.822,96
10/14/2024,189,d,1,9.487,152
10/14/2024,67,c,0,5.318,32
10/14/2024,61,e,1,0.116,6
10/14/2024,43,d,1,1.025,180
10/14/2024,256,b,0,5.75,210
10/14/2024,194,e,1,1.37,124
10/14/2024,118,b,1,4.918,118
10/14/2024,101,b,1,8.163,140
10/14/2024,97,b,1,8.528,46
10/14/2024,192,d,1,9.19,153
10/14/2024,78,b,0,9.565,115
10/14/2024,238,e,1,4.853,31
10/14/2024,23,a,1,9.454,144
10/14/2024,272,b,0,4.446,83
10/14/2024,34,e,0,4.169,16
10/14/2024,239,e,1,1.506,77
10/14/2024,190,c,0,2.631,101
10/14/2024,259,a,0,1.48,119
10/14/2024,224,a,0,5.442,44
10/14/2024,167,e,0,8.882,145
10/14/2024,276,e,1,1.889,148
10/14/2024,250,a,0,0.285,137
10/14/2024,33,a,1,3.477,75
10/14/2024,234,a,0,9.931,158
10/14/2024,71,a,0,2.357,209
10/14/2024,65,b,0,6.274,193
10/14/2024,102,e,0,4.84,44
10/14/2024,231,b,1,4.385,149
10/14/2024,76,d,0,9.716,131
10/14/2024,276,e,0,4.514,94
10/14/2024,212,e,0,9.896,98
10/14/2024,210,a,1,0.595,128
10/14/2024,297,a,0,9.602,53
10/14/2024,280,e,1,9.245,213
10/14/2024,266,d,0,2.967,170
10/14/2024,108,b,0,7.515,168
10/14/2024,92,b,1,3.564,51
10/14/2024,119,c,0,3.794,214
10/14/2024,259,e,1,1.225,94
10/14/2024,216,c,0,0.078,181
10/14/2024,29,a,1,9.078,61
10/14/2024,176,a,0,9.519,93
10/14/2024,282,d,1,3.985,61
10/14/2024,240,b,0,2.942,26
10/14/2024,177,c,0,1.416,168
10/14/2024,39,b,1,5.738,193
10/14/2024,141,b,0,8.562,209
10/14/2024,90,d,1,7.172,107
10/14/2024,136,c,1,2.958,132
10/14/2024,190,a,1,1.831,9
10/14/2024,66,a,1,3.412,219
10/14/2024,281,a,0,6.513,181
10/14/2024,273,a,1,1.074,48
10/14/2024,292,c,1,0.089,124
10/14/2024,291,c,1,2.559,4
10/14/2024,290,c,1,7.11,74
10/14/2024,150,e,0,4.821,20
10/14/2024,259,e,0,1.779,154
10/14/2024,25,b,0,9.617,180
10/14/2024,29,a,1,9.534,165
10/14/2024,223,a,1,3.693,93
10/14/2024,238,d,1,9.267,211
10/14/2024,88,b,1,2.344,22
10/14/2024,75,d,0,4.796,181
10/14/2024,47,d,1,3.361,174
10/14/2024,161,b,1,0.348,53
10/14/2024,145,a,0,8.137,67
10/14/2024,224,e,0,3.662,138
10/14/2024,178,c,0,7.774,59
10/14/2024,202,d,1,1.597,203
10/14/2024,105,e,0,9.083,178
10/14/2024,78,c,1,3.687,124
10/14/2024,147,b,0,6.182,218
10/14/2024,217,b,0,8.458,29
10/14/2024,246,c,0,6.806,103
10/14/2024,122,e,0,0.676,22
10/14/2024,135,e,1,8.646,19
10/14/2024,150,e,0,4.039,121
10/14/2024,108,d,1,7.994,46
10/14/2024,209,e,1,6.895,184
10/14/2024,103,a,1,7.096,170
10/14/2024,87,c,1,6.299,185
10/14/2024,190,e,0,6.776,21
10/14/2024,148,d,0,6.251,143
10/14/2024,85,a,1,2.242,53
10/14/2024,295,e,0,0.112,213
